refArea,Town,Total number of restaurants,Existence of touristic attractions prone to be exploited and developed - exists,Total number of guest houses,Total number of hotels,Existence of hotels - exists,Existence of restaurants - exists,Existence of initiatives and projects in the past five years to improve the tourism sector - exists,Total number of cafes,Existence of guest houses - exists,Existence of cafes - exists
mount_lebanon_governorate, Bireh,0,0,0,0,0,0,0,1,0,1
south_governorate,A'ain El-Mir (El Establ),0,0,0,0,0,0,0,0,0,0
akkar_governorate,AAridet Cheikh Zennad,0,0,0,0,0,0,0,0,0,0
north_governorate,Aaba,0,0,0,0,0,0,0,0,0,0
baabda_district,Aabadiyeh,0,1,0,1,1,0,0,0,0,0
byblos_district,Aabaydat,1,0,0,0,0,1,0,0,0,0
nabatieh_governorate,Aabba,0,0,0,0,0,0,0,0,0,0
tyre_district,Aabbesiyyi,30,0,2,4,1,1,1,25,1,1
bsharri_district,Aabdine,0,0,0,0,0,0,0,2,0,1
sidon_district,Aabra Saida,2,0,0,0,0,1,0,0,0,0
batroun_district,Aabrine,0,0,2,0,0,0,0,2,1,1
zgharta_district,Aachach,0,0,0,0,0,0,0,2,0,1
keserwan_district,Aachqout,10,0,0,0,0,1,0,0,0,0
marjeyoun_district,Aadaysseh Marjaayoun,0,0,0,0,0,0,0,10,0,1
nabatieh_governorate,Aadchit Ech-Chqif,0,0,0,0,0,0,0,0,0,0
marjeyoun_district,Aadchit El-Qoussair,0,0,0,0,0,0,0,0,0,0
sidon_district,Aadloun,3,0,0,0,0,1,0,0,0,0
sidon_district,Aadoussiyeh,0,0,0,0,0,0,0,0,0,0
north_governorate,Aafsdiq,2,0,1,1,1,1,0,1,1,1
aley_district,Aain Aanoub,0,0,0,0,0,0,0,0,0,0
beqaa_governorate,Aain Aarab Rachaya,0,1,0,0,0,0,1,0,0,0
beqaa_governorate,Aain Aata,0,0,0,0,0,0,0,2,0,1
aley_district,Aain Dara,0,0,0,0,0,0,0,0,0,0
aley_district,Aain Drafil,1,0,0,0,0,1,1,1,0,1
sidon_district,Aain Ed-Delb,0,1,0,0,0,0,0,0,0,0
byblos_district,Aain Ed-Delbe,0,0,0,0,0,0,0,0,0,0
aley_district,Aain Ej-Jdideh Aaley,2,0,0,0,0,1,0,0,0,0
aley_district,Aain El Saydeh,1,0,0,2,1,1,0,0,0,0
byblos_district,Aain El-Ghouaybeh,0,1,0,0,0,0,0,0,0,0
matn_district,Aain El-Kharroubeh,5,1,0,0,0,1,0,3,0,1
matn_district,Aain El-Qabu,0,0,0,0,0,0,0,0,0,0
keserwan_district,Aain Er-Rihane,0,0,0,0,0,0,0,0,0,0
aley_district,Aain Er-Roummaneh Aaley,2,1,0,1,1,1,0,2,0,1
matn_district,Aain Es-Sindiane,5,1,0,2,1,1,1,1,0,1
matn_district,Aain Et-Teffaha,0,0,0,0,0,0,0,0,0,0
miniyehâdanniyeh_district,Aain Et-Tineh-Miniyeh,0,0,0,0,0,0,0,1,0,1
akkar_governorate,Aain Ez-Zeit,0,0,0,0,0,0,0,3,0,1
matn_district,Aain Ez-Zeitouneh,0,0,0,1,1,0,0,0,0,0
aley_district,Aain Fraidis,0,0,0,0,0,0,0,0,0,0
beqaa_governorate,Aain Harsha,0,0,0,0,0,0,0,0,0,0
bint_jbeil_district,Aain Ibl,6,1,4,1,1,1,1,5,1,1
hasbaya_district,Aain Jarfa,1,0,0,0,0,1,0,0,0,0
byblos_district,Aain Jrain,0,1,0,0,0,0,0,0,0,0
byblos_district,Aain Kfaa,0,0,0,0,0,0,0,0,0,0
zahlã©_district,Aain Kfar Zabad,2,0,0,0,0,1,0,0,0,0
aley_district,Aain Ksour,0,0,0,0,0,0,0,0,0,0
baabda_district,Aain Mouaffaq,0,0,0,0,0,0,0,0,0,0
mount_lebanon_governorate,Aain Ouzain,1,0,0,0,0,1,0,0,0,0
nabatieh_governorate,Aain Qana,0,0,0,0,0,0,0,0,0,0
mount_lebanon_governorate,Aain Qania,0,0,0,0,0,0,0,0,0,0
hasbaya_district,Aain Qinia,0,0,0,0,0,0,0,0,0,0
matn_district,Aain Saadeh,0,0,0,0,0,0,0,0,0,0
akkar_governorate,Aain Tinta,0,0,0,0,0,0,0,1,0,1
aley_district,Aain Traz,0,1,0,0,0,0,0,0,0,0
akkar_governorate,Aain Yaaqoub,0,1,0,0,0,0,0,0,0,0
western_beqaa_district,Aain Zebdeh,6,1,1,2,1,1,0,4,1,1
mount_lebanon_governorate,Aain Zhalta,6,1,3,2,1,1,0,2,1,1
byblos_district,Aain challal,0,0,0,0,0,0,0,0,0,0
mount_lebanon_governorate,Aainbal,0,0,0,0,0,0,0,0,0,0
bint_jbeil_district,Aaita Ej-Jabal,0,0,0,0,0,0,0,2,0,1
akkar_governorate,Aaiyat,0,0,0,0,0,0,0,3,0,1
keserwan_district,Aajaltoun,0,0,0,0,0,0,0,0,0,0
akkar_governorate,Aakkar El-Aatiqa,6,1,4,0,0,1,0,20,1,1
aley_district,Aaley,20,1,0,5,1,1,0,20,0,1
aley_district,Aaley Bsatine,2,0,0,0,0,1,0,0,0,0
zahlã©_district,Aali En-Nahri,2,0,0,0,0,1,1,1,0,1
zgharta_district,Aalma,1,0,0,0,0,1,0,2,0,1
tyre_district,Aalma Ech-Chaab,2,1,0,1,1,1,0,0,0,0
marjeyoun_district,Aalman,0,0,0,0,0,0,0,0,0,0
mount_lebanon_governorate,Aalmane Ech-Chouf,0,0,0,0,0,0,0,1,0,1
akkar_governorate,Aamaret El-Baykat,3,0,0,0,0,1,0,3,0,1
akkar_governorate,Aamayer,2,0,0,0,0,1,0,3,0,1
byblos_district,Aamchit,15,1,4,1,1,1,0,3,1,1
mount_lebanon_governorate,Aammatour,1,1,0,0,0,1,0,0,0,0
western_beqaa_district,Aammiq Ech-Chouf,2,1,0,0,0,1,0,0,0,0
western_beqaa_district,Aana,1,0,0,0,0,1,0,3,0,1
akkar_governorate,Aandqet,2,0,2,0,0,1,0,2,1,1
zahlã©_district,Aanjar (Haouch Moussa),8,0,20,2,1,1,0,4,1,1
mount_lebanon_governorate,Aanout,3,1,0,0,0,1,0,2,0,1
sidon_district,Aanqoun,2,0,0,0,0,1,0,7,0,1
akkar_governorate,Aaouaainat Aakkar,0,0,0,0,0,0,0,0,0,0
beqaa_governorate,Aaqabet Rachaya,0,0,0,0,0,0,0,0,0,0
keserwan_district,Aaqaibeh Kesrouane,20,1,0,2,1,1,1,0,0,0
sidon_district,Aaqtanit,0,0,0,0,0,0,0,0,0,0
sidon_district,Aarab Ej-Jall,0,0,0,0,0,0,0,0,0,0
nabatieh_governorate,Aarab Salim,1,0,0,0,0,1,0,1,0,1
sidon_district,Aarab Tabbaya,2,0,0,0,0,1,0,0,0,0
baabda_district,Aaraiya,1,0,0,0,0,1,1,0,0,0
aley_district,Aaramoun Kesrouane,0,0,0,0,0,0,0,5,0,1
south_governorate,Aaramta,0,0,0,0,0,0,0,0,0,0
south_governorate,Aaray,0,0,0,0,0,0,0,0,0,0
baabda_district,Aarbaniyeh,0,0,0,0,0,0,0,0,0,0
zgharta_district,Aarbet Qozhaiya,2,0,0,1,1,1,0,1,0,1
zgharta_district,Aarjis,15,0,0,1,1,1,0,5,0,1
akkar_governorate,Aarqa,0,0,0,0,0,0,0,0,0,0
baalbek_hermel_governorate,Aarsal,0,0,0,0,0,0,0,0,0,0
miniyehâdanniyeh_district,Aassoun,5,1,0,1,1,1,0,3,0,1
matn_district,Aatchaneh,0,0,0,0,0,0,0,0,0,0
mount_lebanon_governorate,Aathrine,0,0,0,0,0,0,0,0,0,0
south_governorate,Aaychiyeh,2,1,0,0,0,1,0,0,0,0
beqaa_governorate,Aayha,0,1,0,0,0,0,0,0,0,0
miniyehâdanniyeh_district,Aaymar,3,1,0,1,1,1,0,0,0,0
aley_district,Aaynab,0,0,0,0,0,0,0,0,0,0
baalbek_hermel_governorate,Aaynata Baalbek,0,0,5,0,0,0,1,0,1,0
bint_jbeil_district,Aaynata Bent Jbeil,1,0,0,0,0,1,1,3,0,1
akkar_governorate,Aayoun Aakkar,2,0,0,0,0,1,0,4,0,1
akkar_governorate,Aayoun El-Ghizlane,0,1,0,0,0,0,1,0,0,0
matn_district,Aayoun El-Matn,0,0,0,0,0,0,0,0,0,0
matn_district,Aayroun,0,0,0,0,0,0,0,0,0,0
bint_jbeil_district,Aayta Ech-Chaab,6,1,0,0,0,1,0,5,0,1
beqaa_governorate,Aayta El-Foukhar,1,0,0,0,0,1,0,0,0,0
western_beqaa_district,Aaytanit,2,0,1,0,0,1,0,0,1,0
aley_district,Aaytat,1,0,0,0,0,1,0,0,0,0
tyre_district,Aaytit,0,1,0,0,0,0,1,0,0,0
south_governorate,Aazour,2,1,0,2,1,1,0,0,0,0
miniyehâdanniyeh_district,Aazqai,0,0,0,0,0,0,0,5,0,1
keserwan_district,Aazra ouel Aazr,2,0,0,1,1,1,0,0,0,0
nabatieh_governorate,Aazzi,0,0,0,0,0,0,0,0,0,0
zahlã©_district,Ablah,2,0,0,1,1,1,0,1,0,1
matn_district,Abou Mizan,0,0,0,0,0,0,0,0,0,0
hasbaya_district,Abou Qamha,10,0,2,4,1,1,0,4,1,1
keserwan_district,Adma Oua Dafine,0,0,0,0,0,0,0,0,0,0
byblos_district,Adonis,0,0,0,0,0,0,0,0,0,0
byblos_district,Afqa Jbeil,0,1,0,0,0,0,0,2,0,1
north_governorate,Ain Aakrine,0,0,0,0,0,0,0,0,0,0
matn_district,Aintoura El-Matn,0,0,0,0,0,0,0,0,0,0
keserwan_district,Aintoura Kesrouane,2,0,1,0,0,1,0,0,1,0
zgharta_district,Aintourine,0,0,0,0,0,0,0,0,0,0
bint_jbeil_district,Aitaroun,0,0,0,0,0,0,0,0,0,0
baalbek_hermel_governorate,Alaq,6,0,0,0,0,1,0,2,0,1
byblos_district,Almat,0,0,0,0,0,0,0,2,0,1
akkar_governorate,Amara,0,0,0,0,0,0,0,4,0,1
north_governorate,Amioun,8,1,0,0,0,1,1,5,0,1
south_governorate,Anane,4,1,0,2,1,1,0,4,0,1
nabatieh_governorate,Ansar,3,0,0,1,1,1,0,6,0,1
baalbek_hermel_governorate,Ansar Baalbeck,0,0,0,0,0,0,0,0,0,0
matn_district,Antelias-Naccache,0,0,0,0,1,1,1,0,1,1
nabatieh_governorate,Arnoun,1,0,0,1,1,1,1,0,0,0
baabda_district,Arsoun,0,0,0,0,0,0,0,0,0,0
sidon_district,Arzai,2,0,0,0,0,1,0,4,0,1
tyre_district,Arzoun,0,0,0,0,0,0,0,0,0,0
zgharta_district,Asnoun,0,0,0,0,0,0,0,0,0,0
batroun_district,Assia,1,1,0,0,0,1,0,0,0,0
zgharta_district,Ayto,1,0,0,0,0,1,0,1,0,1
baabda_district,Baabda-Louaizi,0,0,0,0,0,0,0,0,0,0
matn_district,Baabdat,0,0,0,0,0,0,0,0,0,0
mount_lebanon_governorate,Baadarane,1,1,2,0,0,1,1,0,1,0
baalbek_hermel_governorate,Baalbek,39,0,1,2,1,1,1,10,1,1
baabda_district,Baalchmay,0,0,0,0,0,0,0,0,0,0
western_beqaa_district,Baaloul West Bekaa,0,0,0,0,0,0,0,0,0,0
aley_district,Baaouerta,1,0,0,0,0,1,0,0,0,0
mount_lebanon_governorate,Baaqline,20,1,0,0,0,1,0,5,0,1
mount_lebanon_governorate,Baassir,0,0,0,0,0,0,0,0,0,0
western_beqaa_district,Bab Mareaa,5,0,1,0,0,1,0,5,1,1
sidon_district,Babliyeh,2,0,0,0,0,1,0,7,0,1
north_governorate,Badbhoun,0,0,0,0,0,0,0,0,0,0
akkar_governorate,Baghdadi,0,0,0,0,0,0,0,2,0,1
north_governorate,Bahbouch,0,0,0,0,0,0,0,0,0,0
aley_district,Baisour,7,1,20,0,0,1,0,3,1,1
south_governorate,Baisour Jezzine,0,0,0,0,0,0,0,0,0,0
miniyehâdanniyeh_district,Bakhaaoun,7,0,0,1,1,1,0,13,0,1
beqaa_governorate,Bakka,0,0,0,0,0,0,0,0,0,0
beqaa_governorate,Bakkifac Rachaya,0,0,0,0,0,0,0,0,0,0
keserwan_district,Balloune,10,1,0,0,0,1,1,3,0,1
bsharri_district,Bane,1,0,0,0,0,1,0,0,0,0
marjeyoun_district,Bany haiyane,0,1,0,0,0,0,0,0,0,0
matn_district,Baouchriyeh el Sad,0,0,0,0,0,0,0,0,0,0
bint_jbeil_district,Baraachit,0,0,0,0,0,0,0,0,0,0
north_governorate,Barghoun,0,1,0,0,0,0,0,0,0,0
mount_lebanon_governorate,Barja,3,0,0,0,0,1,0,13,0,1
baalbek_hermel_governorate,Barqa,0,0,0,0,0,0,0,0,0,0
zahlã©_district,Barr Elias,15,0,0,0,0,1,0,12,0,1
north_governorate,Barsa,0,0,0,0,0,0,0,0,0,0
akkar_governorate,Basateen Aakar,0,0,0,0,0,0,0,1,0,1
matn_district,Baskinta,10,1,2,3,1,1,0,10,1,1
mount_lebanon_governorate,Bater,0,0,0,0,0,0,0,0,0,0
keserwan_district,Batha,2,1,0,0,0,1,0,0,0,0
mount_lebanon_governorate,Batloun,2,0,0,1,1,1,1,0,0,0
tyre_district,Batoulay,4,0,0,0,0,1,0,12,0,1
north_governorate,Batroumine,0,0,0,0,0,0,0,0,0,0
batroun_district,Batroun,20,1,15,3,1,1,0,20,1,1
byblos_district,Bayzoun,0,0,0,0,0,0,0,0,0,0
bsharri_district,Bazaaoun,4,0,2,2,1,1,1,0,1,0
tyre_district,Bazouriyeh,0,0,0,0,0,0,0,0,0,0
aley_district,Bchamoun,0,0,0,0,0,0,0,0,0,0
zgharta_district,Bchannine,0,0,0,0,0,0,0,0,0,0
bsharri_district,Bcharreh,20,0,3,15,1,1,0,5,1,1
batroun_district,Bcheaali,1,1,2,0,0,1,1,3,1,1
mount_lebanon_governorate,Bchtfine,0,1,1,0,0,0,0,2,1,1
aley_district,Bdadoun,0,1,4,0,0,0,0,2,1,1
north_governorate,Bdebba,0,0,0,0,0,0,0,0,0,0
akkar_governorate,Bebnine,2,0,3,0,0,1,0,5,1,1
north_governorate,Bechmizzine,0,0,0,0,0,0,1,0,0,0
baalbek_hermel_governorate,Bechouat,7,1,1,4,1,1,0,2,1,1
batroun_district,Bechtoudar,3,1,0,0,0,1,0,1,0,1
"tripoli_district,_lebanon",Beddaoui,0,0,0,0,0,0,0,0,0,0
aley_district,Bedghan Oua Ouadi Bedghan,0,0,0,0,0,0,0,0,0,0
tyre_district,Bedias,0,0,0,0,0,0,0,0,0,0
north_governorate,Bednayel El-Koura,2,0,0,0,0,1,0,0,0,0
byblos_district,Behdaydat,0,1,0,0,0,0,1,0,0,0
south_governorate,Behnine,0,1,1,0,0,0,1,0,1,0
miniyehâdanniyeh_district,Behouaita,3,0,0,0,0,1,0,0,0,0
akkar_governorate,Beino,3,0,0,2,1,1,0,2,0,1
akkar_governorate,Beit Ayoub,0,0,0,0,0,0,0,2,0,1
baalbek_hermel_governorate,Beit Chama,0,0,0,0,0,0,0,0,0,0
batroun_district,Beit Chlala,7,1,0,0,0,1,1,0,0,0
mount_lebanon_governorate,Beit Ed-Dine,3,0,1,1,1,1,0,0,1,0
akkar_governorate,Beit El Haj,0,0,0,0,0,0,0,0,0,0
miniyehâdanniyeh_district,Beit El-Faqs,0,0,0,0,0,0,0,0,0,0
akkar_governorate,Beit El-Haouch,0,0,0,0,0,0,0,0,0,0
matn_district,Beit El-Kekko,6,0,0,1,1,1,0,3,0,1
miniyehâdanniyeh_district,Beit Haouik,0,0,0,0,0,0,0,0,0,0
byblos_district,Beit Hbaq,0,0,0,0,0,0,0,0,0,0
batroun_district,Beit Kassab,0,0,0,1,1,0,1,0,0,0
beqaa_governorate,Beit Lahia,0,0,0,0,0,0,0,0,0,0
bint_jbeil_district,Beit Lif,4,1,0,7,1,1,0,3,0,1
akkar_governorate,Beit Mellat,1,1,0,1,1,1,0,1,0,1
matn_district,Beit Meri,5,1,0,3,1,1,0,5,0,1
bsharri_district,Beit Monzer,0,0,0,0,0,0,0,0,0,0
zgharta_district,Beit Obeid,1,0,0,1,1,1,0,4,0,1
bint_jbeil_district,Beit Yahoun,0,0,0,0,0,0,0,0,0,0
akkar_governorate,Beit Younes,0,0,0,0,0,0,0,0,0,0
byblos_district,Bejjeh,0,0,0,0,0,0,0,0,0,0
byblos_district,Bekhaaz,0,0,0,0,0,0,0,0,0,0
south_governorate,Benouati Jezzine,0,0,0,0,0,0,0,0,0,0
bint_jbeil_district,Bent Jbeil,4,1,1,1,1,1,1,2,1,1
keserwan_district,Beqaata Aachqout,0,0,0,0,0,0,0,0,0,0
keserwan_district,Beqaata Kanaan,0,0,0,0,0,0,0,0,0,0
akkar_governorate,Berbara Aakkar,0,0,0,0,0,0,0,0,0,0
byblos_district,Berbara Jbeil,0,0,1,2,1,0,0,0,1,0
bsharri_district,Berhalioun,0,0,0,0,0,0,0,0,0,0
sidon_district,Berti,0,0,0,0,0,0,0,0,0,0
zgharta_district,Beslouqit,0,1,0,0,0,0,0,0,0,0
south_governorate,Besri Jezzine,1,1,0,0,0,1,0,0,0,0
tyre_district,Bestiyat,0,0,0,0,0,0,0,0,0,0
akkar_governorate,Bezbina,0,1,0,0,0,0,0,3,0,1
aley_district,Bhamdoun Ed-Dayaa,0,0,0,0,0,0,0,0,0,0
aley_district,Bhamdoun El-Mhatta,2,0,3,4,1,1,1,3,1,1
matn_district,Bhersaf,10,0,1,3,1,1,0,0,1,1
byblos_district,Bichtlida,1,0,0,0,0,1,0,0,0,0
batroun_district,Bijdarfil,2,0,0,0,0,1,0,1,0,1
matn_district,Bikfaya,0,0,0,0,0,0,0,0,0,0
aley_district,Binnay,0,1,0,0,0,0,0,0,0,0
byblos_district,Bintaael,0,1,0,0,0,0,0,0,0,0
akkar_governorate,Biret Aakkar,3,1,0,1,1,1,0,6,0,1
beqaa_governorate,Biret Rachaya,0,1,0,0,0,0,0,0,0,0
aley_district,Bisrin,0,0,0,0,0,0,0,0,0,0
sidon_district,Bissariyeh,4,0,0,0,0,1,0,3,0,1
tyre_district,Biyad,0,0,0,0,0,0,0,0,0,0
keserwan_district,Bizhel,0,1,0,0,0,0,0,2,0,1
south_governorate,Bkassine,20,1,0,12,1,1,0,5,0,1
north_governorate,Bkeftine,0,0,0,0,0,0,0,0,0,0
aley_district,Bkhichtay,0,0,0,0,0,0,0,0,0,0
bsharri_district,Blaouza,2,0,0,0,0,1,0,0,0,0
marjeyoun_district,Blat Marjaayoun,0,1,0,0,0,0,0,0,0,0
aley_district,Blaybel,1,0,0,0,0,1,0,0,0,0
marjeyoun_district,Blida,0,1,0,0,0,0,1,0,0,0
aley_district,Bmahray,2,1,6,0,0,1,0,1,1,1
aley_district,Bmakine,0,0,0,2,1,0,0,1,0,1
baabda_district,Bmaryam,4,1,0,3,1,1,0,1,0,1
sidon_district,Bnaafoul,0,0,0,0,0,0,0,0,0,0
matn_district,Bnabil,2,0,5,0,0,1,0,1,1,1
north_governorate,Bnehran,0,0,0,0,0,0,0,0,0,0
mount_lebanon_governorate,Bnoueiti,0,0,0,0,0,0,0,0,0,0
zgharta_district,Bohayra,0,0,0,0,0,0,0,0,0,0
aley_district,Bohwara,0,0,0,0,0,0,0,0,0,0
akkar_governorate,Borj Aakkar,6,0,1,0,0,1,0,2,1,1
marjeyoun_district,Borj El-Moulouk,5,0,0,2,1,1,0,0,0,0
miniyehâdanniyeh_district,Borj El-Yahoudiyeh,0,0,0,0,0,0,0,0,0,0
tyre_district,Borj En-Naqoura,8,1,0,3,1,1,0,4,0,1
tyre_district,Borj Rahhal,3,1,0,0,0,1,0,13,0,1
bint_jbeil_district,Borj qalaouiyeh,0,0,0,0,0,0,0,0,0,0
mount_lebanon_governorate,Botmeh,0,0,0,0,0,0,0,0,0,0
marjeyoun_district,Bouaida,1,1,0,1,1,1,0,0,0,0
keserwan_district,Bouar,1,0,0,2,1,1,0,0,0,0
zahlã©_district,Bouarej,6,0,0,0,0,1,0,2,0,1
byblos_district,Boulhos,0,0,0,0,0,0,0,0,0,0
akkar_governorate,Bourj El Arab,5,1,0,0,0,1,0,4,0,1
baabda_district,Bourj El-Brajneh,20,0,0,2,1,1,0,20,0,1
matn_district,Bourj Hammoud,0,0,0,0,0,0,0,0,0,0
mount_lebanon_governorate,Bourjein,1,0,0,0,0,1,0,3,0,1
zgharta_district,Boussit,2,0,0,0,0,1,0,0,0,0
tyre_district,Boustane,0,0,0,0,0,0,0,0,0,0
akkar_governorate,Boustane Heresh,0,0,0,0,0,0,0,0,0,0
baabda_district,Boutchay,0,0,0,0,0,0,0,0,0,0
bsharri_district,Bqaa Kafra,3,0,1,0,0,1,0,0,1,0
miniyehâdanniyeh_district,Bqaa Sefrine,3,1,2,1,1,1,1,5,1,1
keserwan_district,Bqaatouta,0,0,0,0,0,0,0,2,0,1
miniyehâdanniyeh_district,Bqarsouna,0,0,0,0,0,0,0,0,0,0
bsharri_district,Bqerqacha,30,0,10,20,1,1,1,20,1,1
akkar_governorate,Bqerzla,5,1,0,0,0,1,0,2,0,1
sidon_district,Bqosta,3,0,0,0,0,1,0,2,0,1
nabatieh_governorate,Braiqeaa,0,0,0,0,0,0,0,4,0,1
sidon_district,Bramiyeh,0,0,0,0,0,0,0,1,0,1
bsharri_district,Breissat,0,0,0,0,0,0,0,1,0,1
mount_lebanon_governorate,Brih,0,1,3,0,0,0,0,0,1,0
baalbek_hermel_governorate,Brital,13,0,0,0,0,1,0,5,0,1
matn_district,Broummana El-Matn,0,0,0,0,0,0,0,0,0,0
baabda_district,Bsaba Baabda,1,0,0,0,0,1,0,0,0,0
mount_lebanon_governorate,Bsaba Ech-Chouf,1,0,0,0,0,1,0,0,0,0
matn_district,Bsalim,5,0,0,2,1,1,0,1,0,1
south_governorate,Bsalya,0,1,0,0,0,0,0,0,0,0
north_governorate,Bsarma,0,0,0,0,0,0,0,2,0,1
aley_district,Bsous,0,0,0,0,0,0,0,0,0,0
north_governorate,Btaaboura,0,0,0,0,0,0,0,0,0,0
aley_district,Btalloun,1,0,0,0,1,1,0,0,0,0
aley_district,Btater,0,0,0,0,0,0,0,0,0,0
baalbek_hermel_governorate,Btedaai,0,0,0,0,0,0,0,0,0,0
south_governorate,Btedine El-Leqch,0,1,0,0,0,1,0,0,0,0
matn_district,Bteghrine,1,0,0,0,0,1,0,2,0,1
baabda_district,Btekhnay,0,0,10,0,0,0,0,0,1,0
miniyehâdanniyeh_district,Btermaz,0,1,0,0,0,0,1,1,0,1
north_governorate,Bterram,0,0,2,2,1,0,0,2,1,1
north_governorate,Btouratij,1,0,0,0,0,1,0,2,0,1
matn_district,Byaqout,0,0,0,0,0,0,0,0,0,0
akkar_governorate,Bzal,0,0,0,0,0,0,0,4,0,1
north_governorate,Bziza,0,0,0,0,0,0,1,0,0,0
keserwan_district,Bzoummar,0,1,0,1,1,0,0,0,0,0
tyre_district,Chaaitiyeh-Malkiyah,0,1,0,0,0,0,0,5,0,1
baalbek_hermel_governorate,Chaat,0,0,0,0,0,0,0,0,0,0
akkar_governorate,Chadra,2,0,0,0,0,1,0,3,0,1
keserwan_district,Chahtoul,0,0,0,0,0,0,0,0,0,0
tyre_district,Chamaa,0,0,0,0,0,0,0,0,0,0
byblos_district,Chamate,0,0,0,0,0,0,0,0,0,0
aley_district,Chanay,0,1,0,0,0,0,0,2,0,1
akkar_governorate,Chane,0,0,0,0,0,0,0,2,0,1
matn_district,Chaouiyeh,0,0,0,0,0,0,0,0,0,0
akkar_governorate,Chaqdouf,0,0,0,0,0,0,0,1,0,1
akkar_governorate,Charbila,1,0,0,0,0,1,0,1,0,1
hermel_district,Charbine El-Hermel,0,0,0,0,0,0,0,0,0,0
aley_district,Charoun,2,1,0,1,1,1,1,1,0,1
nabatieh_governorate,Charqiyeh,1,0,1,0,0,1,0,0,1,0
aley_district,Chartoun,0,1,0,0,0,0,0,0,0,0
hasbaya_district,Chebaa,3,1,0,0,0,1,0,1,0,1
tyre_district,Chehabiyeh,5,1,0,0,0,1,0,0,0,0
zahlã©_district,Chehabiyeh Faour,0,1,0,0,0,0,0,0,0,0
tyre_district,Chehour,0,0,0,0,0,0,0,0,0,0
akkar_governorate,Cheikh Ayash,0,0,0,0,0,0,0,0,0,0
akkar_governorate,Cheikh Mohammad,0,0,0,0,0,0,0,7,0,1
akkar_governorate,Cheikh Taba,0,0,0,0,0,0,0,0,0,0
akkar_governorate,Cheikh Zennad,0,0,0,0,0,0,0,0,0,0
akkar_governorate,Cheikhlar,2,0,0,0,0,1,0,3,0,1
mount_lebanon_governorate,Chhim,1,1,0,0,0,1,0,2,0,1
batroun_district,Chibtine,5,0,0,0,0,1,0,0,0,0
tyre_district,Chihine,0,0,0,0,0,0,0,0,0,0
byblos_district,Chikhane,0,0,0,0,0,0,0,0,0,0
batroun_district,Chikka,0,0,0,0,0,0,0,0,0,0
aley_district,Chimlane,3,0,0,0,0,1,0,1,0,1
baabda_district,Chiyah,4,0,0,1,1,1,1,3,0,1
baalbek_hermel_governorate,Chlifa,2,0,0,0,0,1,0,0,0,0
baalbek_hermel_governorate,Chmistar,0,0,0,0,0,0,0,0,0,0
keserwan_district,Chnanaair,0,0,0,0,0,0,0,0,0,0
south_governorate,Choualiq Jezzine,5,0,0,0,0,1,0,1,0,1
hasbaya_district,Chouaya Hasbaiya,3,0,0,0,0,1,0,0,0,0
matn_district,Chouaya Maten,0,0,0,0,0,0,0,0,0,0
aley_district,Choueifat El-Aamrousiyeh,20,0,0,5,1,1,1,10,0,1
baabda_district,Chouit,0,1,0,0,0,0,0,0,0,0
nabatieh_governorate,Choukine,2,1,0,0,0,1,0,4,0,1
mount_lebanon_governorate,Chourit,0,0,0,0,0,0,0,0,0,0
zahlã©_district,Chtaura,3,0,0,0,0,1,0,0,0,0
akkar_governorate,Daghleh,0,0,0,0,0,0,0,0,0,0
beqaa_governorate,Dahr El-Ahmar,3,0,1,2,1,1,0,5,1,1
mount_lebanon_governorate,Dahr El-Maghara,0,0,0,0,0,0,0,0,0,0
akkar_governorate,Dahr El-Qanbar,0,0,0,0,0,0,0,0,0,0
matn_district,Dahr Es-Souane El-Matn,2,0,0,0,0,1,0,2,0,1
akkar_governorate,Dahr Laissine,2,0,0,0,0,1,1,1,0,1
mount_lebanon_governorate,Dalhoun,0,1,0,0,0,0,0,3,0,1
byblos_district,Damalsa,0,0,0,0,0,0,0,0,0,0
mount_lebanon_governorate,Damour,5,0,0,2,1,1,0,4,0,1
akkar_governorate,Daoura,0,0,0,0,0,0,0,0,0,0
aley_district,Daqqoun,0,0,0,0,0,0,0,0,0,0
north_governorate,Dar Baaechtar,0,0,0,0,0,0,0,0,0,0
north_governorate,Dar Chmizzine,0,0,0,0,0,0,0,0,0,0
keserwan_district,Daraaoun,0,0,0,0,0,0,0,0,0,0
mount_lebanon_governorate,Daraiya Ech-Chouf,3,0,0,0,0,1,0,2,0,1
keserwan_district,Daraiya Kesrouane,0,1,0,0,0,0,0,0,0,0
sidon_district,Darb Es-Sim,0,0,0,0,0,0,0,0,0,0
akkar_governorate,Darine,0,0,0,0,0,0,0,0,0,0
matn_district,Dayshouniyi,0,0,0,0,0,0,0,0,0,0
miniyehâdanniyeh_district,Debaal Menie,0,0,0,0,0,0,0,0,0,0
tyre_district,Debaal Sour,0,0,0,0,0,0,0,0,0,0
bint_jbeil_district,Debl,3,1,0,0,0,1,1,2,0,1
north_governorate,Deddeh,0,0,0,0,0,0,0,3,0,1
tyre_district,Deir Aames,0,0,0,0,0,0,0,0,0,0
miniyehâdanniyeh_district,Deir Aammar,6,0,0,0,0,1,0,5,0,1
mount_lebanon_governorate,Deir Baba,0,0,0,0,0,0,0,0,0,0
batroun_district,Deir Billa,1,0,0,0,0,1,0,0,0,0
matn_district,Deir Chamra,0,0,0,0,0,0,0,0,0,0
akkar_governorate,Deir Dalloum,5,1,0,0,0,1,0,4,0,1
mount_lebanon_governorate,Deir Dourit,2,0,0,1,1,1,0,2,0,1
beqaa_governorate,Deir El-Aachayer,0,1,0,0,0,0,1,0,0,0
baalbek_hermel_governorate,Deir El-Ahmar,12,1,50,3,1,1,0,3,1,1
zahlã©_district,Deir El-Ghazal,1,1,0,0,0,1,0,0,0,0
baabda_district,Deir El-harf,1,0,0,0,0,1,0,2,0,1
nabatieh_governorate,Deir Ez-Zahrani,0,0,0,0,0,0,0,0,0,0
akkar_governorate,Deir Jannine,2,1,0,0,0,1,1,1,0,1
tyre_district,Deir Kifa,0,0,0,0,0,0,0,0,0,0
mount_lebanon_governorate,Deir Koucheh,2,0,0,0,0,1,0,0,0,0
marjeyoun_district,Deir Mimas,0,1,0,0,0,0,0,0,0,0
miniyehâdanniyeh_district,Deir Nbouh,0,0,0,0,0,0,0,0,0,0
bint_jbeil_district,Deir Ntar,0,0,0,0,0,0,0,4,0,1
tyre_district,Deir Qanoun El-Aain,0,0,0,0,0,0,0,7,0,1
tyre_district,Deir Qanoun En-Nahr,3,1,0,0,0,1,1,10,0,1
aley_district,Deir Qoubel,0,0,0,0,0,0,0,0,0,0
marjeyoun_district,Deir Siriane,2,1,0,0,0,1,0,3,0,1
matn_district,Dekouaneh,0,0,0,0,0,0,0,0,0,0
hasbaya_district,Dellafeh,1,0,0,0,0,1,0,0,0,0
tyre_district,Derdaghaiya,0,1,0,0,0,0,1,0,0,0
aley_district,Dfoun,0,0,0,0,0,0,0,0,0,0
tyre_district,Dhayra,0,0,0,0,0,0,0,0,0,0
north_governorate,Dhour el hawa,0,0,0,0,0,0,0,3,0,1
akkar_governorate,Dibbabiyeh,3,0,0,0,0,1,0,4,0,1
marjeyoun_district,Dibbine,0,0,0,0,0,0,0,0,0,0
mount_lebanon_governorate,Dibbiyeh,4,0,0,2,1,1,0,3,0,1
matn_district,Dik El-Mehdi,0,0,0,0,0,0,0,0,0,0
bsharri_district,Dimane,1,1,0,0,0,1,0,3,0,1
keserwan_district,Dlebta,0,0,0,0,0,0,0,0,0,0
mount_lebanon_governorate,Dmit,3,0,1,0,0,1,0,0,1,0
akkar_governorate,Douair Aadouiyeh,0,0,0,0,0,0,0,0,0,0
nabatieh_governorate,Douair En-Nabatiyeh,0,0,0,0,0,0,0,0,0,0
batroun_district,Douma,6,0,3,4,1,1,0,1,1,1
baalbek_hermel_governorate,Douris,6,0,0,0,0,1,0,1,0,1
batroun_district,Edde El-Batroun,2,1,0,0,0,1,1,0,0,0
byblos_district,Eddeh Jbeil,0,1,0,0,0,0,1,2,0,1
keserwan_district,Eghbe,2,1,0,0,0,1,0,1,0,1
byblos_district,Ehmej,6,1,7,1,1,1,1,3,1,1
akkar_governorate,Ein el Dahab,0,0,0,0,0,0,0,3,0,1
baalbek_hermel_governorate,El Ain,0,0,0,0,0,0,0,0,0,0
matn_district,El Ghabe,0,0,0,0,0,0,1,0,0,0
hasbaya_district,El Kfeir,0,1,0,0,0,0,0,0,0,0
western_beqaa_district,El Manara,2,0,0,0,0,1,0,0,0,0
western_beqaa_district,El Marej,0,0,0,0,0,0,0,0,0,0
akkar_governorate,En-Nahriyyi,0,1,0,0,0,0,0,0,0,0
north_governorate,Enfeh,14,1,4,1,1,1,1,4,1,1
sidon_district,Erkay,0,0,0,0,0,0,0,0,0,0
baabda_district,Falougha,0,0,0,0,0,0,0,0,0,0
matn_district,Fanar,2,1,0,1,1,1,0,0,0,0
keserwan_district,Faraya,6,0,20,3,1,1,0,5,1,1
akkar_governorate,Fard,0,0,0,0,0,0,0,0,0,0
hasbaya_district,Fardis Hasbaiya,5,1,5,2,1,1,0,20,1,1
keserwan_district,Fatqa,3,0,15,1,1,1,0,0,1,0
byblos_district,Fatre,0,0,10,0,0,0,0,0,1,0
keserwan_district,Faytroun,0,0,0,0,0,0,0,0,0,0
baalbek_hermel_governorate,Fekehe,4,1,0,1,1,1,0,5,0,1
byblos_district,Ferhet,0,0,0,0,0,0,0,0,0,0
byblos_district,Fghal,2,0,0,1,1,1,0,1,0,1
north_governorate,Fiaa,1,0,0,0,0,1,0,0,0,0
zahlã©_district,Fikani,2,0,0,0,0,1,0,6,0,1
hermel_district,Fisan,0,0,0,0,0,0,0,0,0,0
akkar_governorate,Fnaydek,2,1,10,1,1,1,0,10,1,1
mount_lebanon_governorate,Fouara,1,1,0,0,0,1,0,1,0,1
zahlã©_district,Fourzol,0,0,0,0,0,0,0,0,0,0
akkar_governorate,Fraides,0,0,0,0,0,0,0,2,0,1
matn_district,Fraikeh,0,1,0,0,0,0,0,0,0,0
mount_lebanon_governorate,Fraudis Ech-Chouf,40,1,20,5,1,1,0,20,1,1
bint_jbeil_district,Froun,0,0,0,0,0,0,0,0,0,0
baabda_district,Furn Ech-Chebbak,32,0,0,0,0,1,0,6,0,1
byblos_district,Ghabat,0,0,0,0,0,0,0,0,0,0
aley_district,Ghaboune,0,0,0,0,0,0,0,0,0,0
byblos_district,Ghalboun,1,1,2,1,1,1,1,0,1,0
bint_jbeil_district,Ghandouriyet Bent Jbeil,1,0,0,0,0,1,0,0,0,0
byblos_district,Gharzouz,0,0,0,0,0,0,0,0,0,0
sidon_district,Ghassaniyeh,0,0,0,0,0,0,0,0,0,0
akkar_governorate,Ghazayleh,0,1,0,0,0,0,0,0,0,0
keserwan_district,Ghazir,0,0,0,0,0,0,0,0,0,0
sidon_district,Ghaziyeh,15,1,0,0,0,1,0,5,0,1
western_beqaa_district,Ghazzeh,10,0,0,0,0,1,0,3,0,1
matn_district,Ghbaet Bolonya,3,0,0,1,1,1,0,1,0,1
keserwan_district,Ghbaleh Kesrouane,1,1,1,0,0,1,0,4,1,1
south_governorate,Ghbatiyeh,0,0,0,0,0,0,0,0,0,0
keserwan_district,Ghidras,1,0,0,0,0,1,0,2,0,1
keserwan_district,Ghineh,3,0,0,1,1,1,0,2,0,1
baabda_district,Ghobairi,83,0,0,4,1,1,0,90,0,1
byblos_district,Ghoifine,0,1,0,0,0,0,0,2,0,1
keserwan_district,Ghosta,0,0,0,0,0,1,0,3,0,1
nabatieh_governorate,Habbouch En-Nabatiyeh,8,0,0,0,0,1,0,1,0,1
byblos_district,Habil,0,0,0,0,0,0,0,0,0,0
baalbek_hermel_governorate,Hadath Baalback,0,0,0,0,0,0,0,0,0,0
bsharri_district,Hadath Ej-Jebbeh,5,1,2,2,1,1,1,2,1,1
baabda_district,Hadath-Sbeineh,50,0,0,1,1,1,0,50,0,1
bsharri_district,Hadchit,0,0,0,0,0,0,0,0,0,0
bint_jbeil_district,Haddatha,0,0,0,0,0,0,0,0,0,0
sidon_district,Hajjeh,1,1,0,0,0,1,0,0,0,0
byblos_district,Hakel,0,0,0,0,0,0,0,0,0,0
akkar_governorate,Hakour,3,0,0,1,1,1,0,3,0,1
byblos_district,Halate,0,0,0,0,0,0,0,0,0,0
akkar_governorate,Halba,5,0,0,0,0,1,0,20,0,1
baalbek_hermel_governorate,Halbata,0,0,0,0,0,0,0,0,0,0
tyre_district,Halloussiyeh,0,0,0,0,0,0,0,0,0,0
batroun_district,Hamat,0,0,0,1,1,0,0,0,0,0
baabda_district,Hammana,15,1,10,3,1,1,1,7,1,1
tyre_district,Hanaouay,1,1,0,0,0,1,0,2,0,1
bint_jbeil_district,Hanine,0,0,0,0,0,0,0,0,0,0
beqaa_governorate,Haouch El Qinnabeh Rachaya,0,1,0,0,0,0,0,0,0,0
western_beqaa_district,Haouch El-Harime,0,0,0,0,0,0,0,0,0,0
baalbek_hermel_governorate,Haouch En-Nabi,0,0,0,0,0,0,0,0,0,0
baalbek_hermel_governorate,Haouch Er-Rafqa,2,0,0,0,0,1,0,2,0,1
zahlã©_district,Haouch Hala,3,0,0,0,0,1,0,0,0,0
baalbek_hermel_governorate,Haouch Snaid,0,0,0,0,0,0,0,0,0,0
baalbek_hermel_governorate,Haouch Tall Safiyeh,1,0,0,0,0,1,1,2,0,1
baalbek_hermel_governorate,Haouche Barada,0,0,0,0,0,0,0,0,0,0
miniyehâdanniyeh_district,Haql el Aazimeh,0,0,0,0,0,0,0,0,0,0
baalbek_hermel_governorate,Harabta,0,0,0,0,0,0,0,0,0,0
baabda_district,Haret Es-Sit,0,0,0,0,0,0,0,0,0,0
zgharta_district,Haret Fouar,0,0,0,0,0,0,0,0,0,0
baabda_district,Haret Hreik,72,0,0,0,0,1,0,90,0,1
mount_lebanon_governorate,Haret Jandal,0,1,0,0,0,0,1,4,0,1
sidon_district,Haret Saida,15,0,0,0,0,1,1,25,0,1
south_governorate,Harf,0,0,0,0,0,0,0,0,0,0
miniyehâdanniyeh_district,Harf Es-Sayad,0,1,0,0,0,0,0,2,0,1
bint_jbeil_district,Haris,0,0,0,0,0,0,0,0,0,0
nabatieh_governorate,Harouf,3,1,0,0,0,1,0,4,0,1
hasbaya_district,Hasbaiya,7,1,0,0,0,1,0,7,1,1
baabda_district,Hasbaiya El-Matn,0,0,0,0,0,0,0,0,0,0
byblos_district,Hasrayel,0,0,0,0,0,0,0,4,0,1
bsharri_district,Hasroun,6,1,2,2,1,1,1,3,1,1
mount_lebanon_governorate,Hasrout,0,0,0,0,0,0,0,0,0,0
akkar_governorate,Hayshe,0,0,0,0,0,0,0,0,0,0
akkar_governorate,Hayssa,3,0,0,0,0,1,0,1,0,1
akkar_governorate,Haytla,0,0,0,0,0,0,0,0,0,0
south_governorate,Haytoura,0,0,0,0,0,0,0,1,0,1
akkar_governorate,Hayzouq,0,1,0,0,0,0,0,3,0,1
zahlã©_district,Hazerta,0,0,0,0,0,0,0,0,0,0
baabda_district,Hazmiyah,0,0,0,0,0,0,0,0,0,0
miniyehâdanniyeh_district,Hazmiyet-Miniyeh,0,0,1,0,0,0,0,2,1,1
byblos_district,Hdeine,0,0,0,0,0,0,0,0,0,0
hasbaya_district,Hebbariyeh,0,1,0,0,0,0,0,2,0,1
akkar_governorate,Hedd,0,0,0,0,0,0,0,1,0,1
beqaa_governorate,Helouet Rachaya,0,0,2,0,0,0,0,0,1,0
tyre_district,Henniyeh,0,0,0,0,0,0,0,0,0,0
batroun_district,Heri,3,0,0,1,1,1,0,2,0,1
hermel_district,Hermel,40,1,0,2,1,1,1,40,0,1
south_governorate,Hidab,0,1,0,0,0,0,0,0,0,0
zgharta_district,Hilan,0,0,0,0,0,0,0,1,0,1
matn_district,Himlaya,0,0,0,0,0,0,0,0,0,0
baalbek_hermel_governorate,Hizzine,0,0,0,0,0,0,0,0,0,0
byblos_district,Hjoula,0,1,0,0,0,0,0,0,0,0
baabda_district,Hlaliyeh ,0,0,0,0,0,0,1,2,0,1
sidon_district,Hlaliyeh Saida,0,0,0,0,0,0,0,0,0,0
akkar_governorate,Hmaireh Aakkar,0,1,0,0,0,0,0,2,0,1
tyre_district,Hmairi Sour,0,0,0,0,0,0,0,0,0,0
akkar_governorate,Hocheb,1,0,0,0,0,1,0,2,0,1
south_governorate,Homsiyeh,0,0,0,0,0,0,0,0,0,0
akkar_governorate,Houaich,0,1,0,0,0,0,0,0,0,0
marjeyoun_district,Houla,0,0,0,0,0,0,0,0,0,0
nabatieh_governorate,Houmine El-Faouqa,2,1,0,0,0,1,0,2,0,1
nabatieh_governorate,Houmine Et-Tahta,2,1,0,0,0,1,0,3,0,1
miniyehâdanniyeh_district,Howara,0,1,0,0,0,0,0,0,0,0
keserwan_district,Hrajel,0,0,0,0,0,0,0,0,0,0
akkar_governorate,Hrar,4,0,0,1,1,1,0,10,0,1
byblos_district,Hsarat,0,0,0,0,0,0,0,0,0,0
keserwan_district,Hsayn,0,0,0,0,0,0,0,0,0,0
byblos_district,Hsoun,0,0,0,0,0,0,0,0,0,0
baalbek_hermel_governorate,Iaat,9,1,0,1,1,1,1,3,0,1
marjeyoun_district,Ibl Es-Saqi,0,1,0,0,1,1,0,0,0,0
akkar_governorate,Idbil,4,0,0,0,0,1,0,4,0,1
aley_district,Ighmid,1,0,0,0,0,1,0,2,0,1
zgharta_district,Ijbaa,0,0,3,0,0,0,0,0,1,0
north_governorate,Ijdaabrine,0,1,0,0,0,0,0,1,0,1
akkar_governorate,Ilat,0,1,0,0,0,0,0,2,0,1
sidon_district,Insariyeh,3,1,0,0,0,1,0,5,0,1
miniyehâdanniyeh_district,Izal,3,0,0,0,0,1,0,5,0,1
keserwan_district,Jaaita,0,0,0,0,0,0,0,0,0,0
mount_lebanon_governorate,Jadra,3,0,0,3,1,1,0,0,0,0
mount_lebanon_governorate,Jahliyeh,0,0,0,0,0,0,0,0,0,0
byblos_district,Jaj,3,0,0,0,0,1,1,0,0,0
matn_district,Jall Ed-Dib,15,0,2,3,1,1,0,5,1,1
byblos_district,Janneh Mar Sarkis,0,0,0,0,0,0,0,0,0,0
batroun_district,Jarbata,1,0,0,0,0,1,0,0,0,0
nabatieh_governorate,Jarjouaa,5,1,0,2,1,1,0,3,0,1
south_governorate,Jarmaq,1,1,0,1,1,1,0,0,0,0
mount_lebanon_governorate,Jbaa En-Nabatiyeh,0,0,0,0,0,0,0,0,0,0
nabatieh_governorate,Jbaa En-Nabatiyeh-Ein-Boswar,5,1,5,1,1,1,1,3,1,1
tyre_district,Jbal El-Botm,0,0,0,0,0,0,0,1,0,1
byblos_district,Jbeil,64,1,0,8,1,1,1,24,0,1
baalbek_hermel_governorate,Jbouleh,0,0,0,0,0,0,0,0,0,0
keserwan_district,Jdaidet Ghazir,1,0,0,0,0,1,0,0,0,0
marjeyoun_district,Jdaidet Marjaayoun,10,0,2,1,1,1,1,4,1,1
mount_lebanon_governorate,Jdeidet Ech-Chouf,2,0,0,0,0,1,1,0,0,0
akkar_governorate,Jdidet Ej-Joumeh,0,1,0,0,0,0,0,2,0,1
zahlã©_district,Jdita,7,1,0,3,1,1,0,1,0,1
akkar_governorate,Jebrayel,0,0,0,1,1,0,0,3,0,1
sidon_district,Jenjlaya,0,0,1,0,0,0,0,0,1,0
tyre_district,Jennata,0,0,0,0,0,0,0,0,0,0
south_governorate,Jensnaya,1,0,0,0,0,1,0,0,0,0
baalbek_hermel_governorate,Jenta,0,0,0,0,0,0,1,6,0,1
byblos_district,Jeoddayel Jbeil,0,0,0,0,0,0,0,0,0,0
akkar_governorate,Jermanya,2,0,0,0,0,1,0,2,0,1
south_governorate,Jernaya,0,0,1,0,0,0,0,0,1,0
south_governorate,Jezzine-Ain Majdelin,4,0,3,3,1,1,1,4,1,1
nabatieh_governorate,Jibchit,0,0,0,0,0,0,0,0,0,0
mount_lebanon_governorate,Jiyeh,15,1,2,3,1,1,0,10,1,1
mount_lebanon_governorate,Jmailiyeh,0,0,0,0,0,0,0,0,0,0
tyre_district,Jouaiya,3,1,0,0,0,1,0,5,0,1
baabda_district,Jouar El-Haouz,3,0,0,0,0,1,0,2,0,1
western_beqaa_district,Joubb Jannine,2,0,0,0,0,1,0,12,0,1
mount_lebanon_governorate,Joun,0,0,0,0,0,0,0,0,0,0
keserwan_district,Jounie ,0,0,0,0,0,0,0,0,0,0
baabda_district,Jouret Arsoun,1,0,0,0,0,1,1,1,0,1
keserwan_district,Jouret Bedrane,1,0,0,1,1,1,0,0,0,0
keserwan_district,Jouret E-Tourmos,0,0,0,0,0,0,0,0,0,0
matn_district,Jouret El-Ballout,1,0,0,0,0,1,0,0,0,0
byblos_district,Kafr,0,0,0,0,0,0,0,0,0,0
akkar_governorate,Kafr Harra,0,0,0,0,0,0,0,4,0,1
batroun_district,Kafr Hatna,0,0,0,0,0,0,0,0,0,0
south_governorate,Kafr Jarrah,0,0,0,0,0,0,0,0,0,0
north_governorate,Kafr Saroun,0,0,0,0,0,0,0,1,0,1
zgharta_district,Kafr horra,0,0,0,0,0,0,0,0,0,0
bint_jbeil_district,Kafra Bent Jbeil,2,0,0,0,0,1,0,4,0,1
western_beqaa_district,Kafraiya West Bekaa,1,0,0,0,0,1,0,1,0,1
north_governorate,Kafraya El-Koura,0,0,0,0,0,0,0,1,0,1
byblos_district,Kafrkida,0,0,0,0,0,0,0,0,0,0
akkar_governorate,Kafrnoun,0,0,0,0,0,0,0,0,0,0
sidon_district,Kafrya,0,0,0,0,0,0,0,0,0,0
north_governorate,Kaftoun,1,1,9,0,0,1,0,1,1,1
miniyehâdanniyeh_district,Kahef Maloul,2,0,0,0,0,1,0,0,0,0
aley_district,Kahhaleh,0,0,0,0,0,0,0,0,0,0
mount_lebanon_governorate,Kahlouniet Ech-Chouf,0,1,0,0,0,0,0,0,0,0
western_beqaa_district,Kamed El-Laouz,5,1,0,0,0,1,1,10,0,1
beqaa_governorate,Kaoukaba Bou Arab,0,0,0,0,0,0,0,0,0,0
hasbaya_district,Kaoukaba Hasbaiya,0,1,1,0,0,0,1,2,1,1
sidon_district,Kaoutariyet Es-Siyad,0,0,0,0,0,0,0,3,0,1
south_governorate,Karkha,0,0,0,0,0,0,0,0,0,0
miniyehâdanniyeh_district,Karm El-Mohr,0,1,0,0,0,0,0,0,0,0
zgharta_district,Karm Saddeh,0,0,0,0,0,0,0,0,0,0
akkar_governorate,Karm Zebdine,0,0,0,0,0,0,0,0,0,0
mount_lebanon_governorate,Ketermaya,6,0,0,0,0,1,0,1,0,1
aley_district,Keyfoun,1,0,0,1,1,1,0,3,0,1
batroun_district,Kfar Aabida,6,0,5,0,0,1,0,0,1,0
aley_district,Kfar Aamay,0,1,0,0,0,0,0,0,0,0
matn_district,Kfar Aaqab,2,0,2,0,0,1,0,1,1,1
north_governorate,Kfar Aaqqa,2,1,0,0,0,1,0,2,0,1
byblos_district,Kfar Baal,5,0,0,3,1,1,0,18,0,1
sidon_district,Kfar Beit,0,0,0,0,0,0,0,0,0,0
miniyehâdanniyeh_district,Kfar Bibnine,0,1,0,0,0,0,0,2,0,1
sidon_district,Kfar Chellal,0,0,0,0,0,0,1,0,0,0
miniyehâdanniyeh_district,Kfar Chellane,1,1,0,0,0,1,0,6,0,1
baabda_district,Kfar Chima,3,1,0,0,0,1,0,0,0,0
hasbaya_district,Kfar Chouba,1,1,0,0,0,1,0,1,1,1
baalbek_hermel_governorate,Kfar Dane,0,0,0,0,0,0,0,0,0,0
beqaa_governorate,Kfar Denis,0,0,0,0,0,0,0,1,0,1
keserwan_district,Kfar Dibiane,20,1,1,8,1,1,1,10,1,1
bint_jbeil_district,Kfar Dounine,1,0,0,0,0,1,1,6,0,1
south_governorate,Kfar Falous,0,0,0,0,0,0,0,1,0,1
mount_lebanon_governorate,Kfar Faqoud,0,0,0,0,0,0,0,2,0,1
miniyehâdanniyeh_district,Kfar Habou,0,0,0,0,0,0,0,10,0,1
hasbaya_district,Kfar Hamam,0,0,0,0,0,0,0,0,0,0
sidon_district,Kfar Hatta Saida,0,0,0,0,0,0,0,5,0,1
batroun_district,Kfar Hay,2,1,0,0,0,1,1,2,0,1
north_governorate,Kfar Hazir,1,1,0,0,0,1,1,0,0,0
mount_lebanon_governorate,Kfar Heam,0,0,0,0,0,0,0,0,0,0
batroun_district,Kfar Hilda,15,1,2,0,0,1,0,8,1,1
south_governorate,Kfar Houneh,2,0,0,0,0,1,0,1,0,1
keserwan_district,Kfar Jreif,1,1,0,1,1,1,1,0,0,0
marjeyoun_district,Kfar Kila,5,0,0,0,0,1,0,0,0,0
aley_district,Kfar Matta,2,0,0,0,0,1,0,2,0,1
sidon_district,Kfar Melki Saida,5,0,0,0,0,1,0,0,0,0
mount_lebanon_governorate,Kfar Nabrakh,0,1,0,0,0,0,0,3,0,1
mount_lebanon_governorate,Kfar Niss,1,0,0,0,0,1,0,0,0,0
mount_lebanon_governorate,Kfar Qatra,0,0,0,0,0,0,0,0,0,0
beqaa_governorate,Kfar Qouq,0,0,0,0,0,0,0,3,0,1
nabatieh_governorate,Kfar Roummane,3,0,0,1,1,1,0,2,0,1
baabda_district,Kfar Selouane,0,1,0,0,0,0,0,0,0,1
nabatieh_governorate,Kfar Sir,6,1,0,1,1,1,0,0,0,0
matn_district,Kfar Tay El-Matn,0,0,0,0,0,0,0,0,0,0
nabatieh_governorate,Kfar Tibnit,0,0,0,0,0,0,0,0,0,0
beqaa_governorate,Kfar michki,0,0,0,0,0,0,0,0,0,0
zgharta_district,Kfardlaqous,8,0,0,0,0,1,0,3,0,1
nabatieh_governorate,Kfarfila,0,1,0,0,0,1,1,3,0,1
zgharta_district,Kfarfou,2,0,0,0,0,1,0,0,0,0
north_governorate,Kfarhata ,5,0,0,0,0,1,0,2,0,1
zgharta_district,Kfarhata Zgharta,0,0,0,1,1,1,0,0,0,0
zgharta_district,Kfarsghab,0,1,3,0,0,0,0,1,1,1
akkar_governorate,Kfartoun,2,0,0,0,0,1,0,12,0,1
zgharta_district,Kfaryachit,0,0,0,0,0,0,0,0,0,0
zahlã©_district,Kfarzabad,3,1,0,0,0,1,0,0,0,0
zgharta_district,Kfarzaina,0,0,0,0,0,0,0,0,0,0
byblos_district,Kfoun,0,1,8,0,0,0,0,0,1,0
batroun_district,Kfour El-Aarbi,0,1,0,0,0,0,0,0,0,0
keserwan_district,Kfour En-Nabatieh,1,0,1,1,1,1,1,3,1,1
hasbaya_district,Khalwat,0,1,0,0,0,1,0,5,0,1
byblos_district,Kharbe,0,0,2,0,0,0,0,0,1,0
miniyehâdanniyeh_district,Kharnoub,0,0,0,0,0,0,0,0,0,0
sidon_district,Khartoum,0,0,0,0,0,0,0,0,0,0
akkar_governorate,Khat el Petrol,0,0,1,0,0,0,0,0,1,0
sidon_district,Khayayeb Saida,0,0,0,0,0,0,0,0,0,0
mount_lebanon_governorate,Khereibet Ech-Chouf,0,0,0,0,0,0,0,0,0,0
matn_district,Khinchara,2,1,0,0,0,1,0,1,0,1
mount_lebanon_governorate,Khirbet Bisri,3,0,0,0,0,1,0,0,0,0
akkar_governorate,Khirbet Char,4,0,1,0,0,1,0,3,1,1
akkar_governorate,Khirbet Daoud Aakkar,0,0,0,0,0,0,0,0,0,0
akkar_governorate,Khirbet Jord,0,0,0,0,0,0,0,0,0,0
western_beqaa_district,Khirbet Qanafar,4,1,2,2,1,1,0,2,1,1
beqaa_governorate,Khirbet Rouha,0,0,0,0,0,0,1,0,0,0
bint_jbeil_district,Khirbet Selm,7,1,3,0,0,1,1,10,1,1
marjeyoun_district,Khiyam Marjaayoun,3,1,0,2,1,1,0,5,0,1
baalbek_hermel_governorate,Khodr Baalbek,2,0,0,0,0,1,0,1,0,1
baabda_district,Khreibet Baabda,0,1,0,0,0,0,0,0,0,0
akkar_governorate,Khreibet Ej-Jindi,0,0,0,0,0,0,0,6,0,1
sidon_district,Khzaiz,0,0,0,0,0,0,0,0,0,0
mount_lebanon_governorate,Kleyleh,0,0,0,0,0,0,0,0,0,0
akkar_governorate,Kneisset Aakkar,0,0,0,0,0,0,0,0,0,0
mount_lebanon_governorate,Kneisset Ech-Chouf,0,1,0,0,0,0,0,0,0,0
tyre_district,Kneisset Sour,0,0,0,0,0,0,0,0,0,0
akkar_governorate,Kouachra,1,1,0,0,0,1,1,8,0,1
hermel_district,Kouakh,0,0,2,0,0,0,0,1,1,1
akkar_governorate,Koueikhat,2,0,0,0,0,1,0,2,0,1
bint_jbeil_district,Kounine,2,0,0,1,1,1,0,2,0,1
batroun_district,Kour,0,0,1,0,0,0,0,0,1,0
north_governorate,Kousba,5,0,0,0,0,1,0,1,0,1
akkar_governorate,Kroum El-Aarab,1,0,0,0,0,1,0,1,0,1
baalbek_hermel_governorate,Laboueh,0,0,0,0,0,0,0,0,0,0
western_beqaa_district,Lala,10,1,0,5,1,1,0,15,0,1
byblos_district,Laqlouq,0,0,0,0,0,0,0,0,0,0
byblos_district,Lassa,0,0,0,0,0,0,0,3,0,1
south_governorate,Lebaa,1,1,0,0,0,1,0,0,0,0
byblos_district,Lehfed,3,1,1,0,0,1,0,0,1,0
western_beqaa_district,Libbaya West Bekaa,0,0,0,0,0,0,0,0,0,0
south_governorate,Louayzet Jezzine,0,0,0,0,0,0,0,0,0,0
sidon_district,Loubieh,0,1,0,0,0,0,0,3,0,1
byblos_district,Maad,0,1,0,0,0,0,1,0,0,0
keserwan_district,Maarab,0,0,0,0,0,0,0,0,0,0
baalbek_hermel_governorate,Maaraboun,0,1,0,0,0,0,0,0,0,0
tyre_district,Maarakeh,3,0,0,0,0,1,0,20,0,1
tyre_district,Maaroub,0,0,0,0,0,0,0,0,0,0
aley_district,Maasrati,0,1,0,0,0,0,0,0,0,0
mount_lebanon_governorate,Maasser Beit Ed-Dine,10,1,5,2,1,1,0,5,1,1
mount_lebanon_governorate,Maasser Ech-Chouf,0,0,0,0,0,0,0,0,0,0
keserwan_district,Maaysra Kesrouane,0,0,0,0,0,0,0,2,0,1
western_beqaa_district,Machghara,5,1,0,0,0,1,0,3,0,1
akkar_governorate,Machha,0,1,0,0,0,0,0,5,0,1
south_governorate,Machmoucheh,1,0,0,0,0,1,0,0,0,0
akkar_governorate,Machta Hammoud,0,0,0,0,0,0,0,5,0,1
akkar_governorate,Machta Hassan,0,0,0,0,0,0,0,4,0,1
sidon_district,Maghdoucheh,3,1,0,0,0,1,1,2,0,1
bsharri_district,Magher wbala,0,1,0,0,0,0,0,2,0,1
tyre_district,Mahrouna,0,0,0,0,0,0,0,2,0,1
akkar_governorate,Majdala,0,0,0,0,0,0,0,0,0,0
baalbek_hermel_governorate,Majdaloun,0,0,0,0,0,0,0,0,0,0
mount_lebanon_governorate,Majdalouna,0,0,0,0,0,0,0,0,0,0
tyre_district,Majdel,3,1,0,0,0,1,0,11,0,1
zahlã©_district,Majdel Aanjar,5,0,0,0,0,1,0,0,0,0
aley_district,Majdel Baana,3,0,0,0,0,1,0,3,0,1
beqaa_governorate,Majdel Balhis,0,1,0,0,0,0,0,0,0,0
byblos_district,Majdel El-Aqoura,0,0,0,2,1,0,0,0,0,0
mount_lebanon_governorate,Majdel El-Meouch,0,1,0,0,0,0,0,0,0,0
marjeyoun_district,Majdel Selm,2,1,0,1,1,1,0,5,0,1
north_governorate,Majdel el-Koura,0,1,0,0,0,0,1,0,0,0
matn_district,Majdel tarchich,0,0,0,0,0,0,0,0,0,0
sidon_district,Majdelyoun,1,0,0,0,0,1,0,0,0,0
tyre_district,Majdelzoun,0,1,0,0,0,0,0,7,0,1
south_governorate,Maknounet Jezzine,0,0,0,0,0,0,0,1,0,1
zahlã©_district,Makseh,7,1,0,1,1,1,1,4,0,1
tyre_district,Malkiyah Village,0,0,0,0,0,0,0,2,0,1
western_beqaa_district,Mansoura,0,1,0,0,0,0,1,2,0,1
akkar_governorate,Mansoura ,0,0,1,0,0,0,0,1,1,1
tyre_district,Mansouri,0,0,0,0,0,0,0,0,0,0
aley_district,Mansouriyet Bhamdoun,0,0,0,0,0,0,0,1,0,1
baalbek_hermel_governorate,Maqneh,2,0,0,0,0,1,1,2,0,1
matn_district,Mar Boutros Karm Et-Tine,0,0,0,0,0,0,0,1,0,1
matn_district,Mar Chaaya,5,0,0,3,1,1,1,2,0,1
batroun_district,Mar Mama,0,0,0,0,0,0,0,0,0,0
matn_district,Mar Moussa Ed-Douar,0,0,0,0,0,1,0,0,0,0
mount_lebanon_governorate,Marj Barja,0,0,0,0,0,0,0,0,0,0
hasbaya_district,Marj Ez-Zouhour (Haouch El-Qinnaabeh),0,0,0,0,0,0,0,2,0,1
matn_district,Marjaba,0,0,0,0,0,0,0,0,0,0
marjeyoun_district,Markaba,0,1,0,0,0,0,1,0,0,0
bint_jbeil_district,Maroun Er-Ras,0,0,0,0,0,0,0,0,0,0
zahlã©_district,Massa,0,0,0,0,0,0,0,0,0,0
akkar_governorate,Massaaoudiyeh,0,0,0,0,0,0,0,4,0,1
matn_district,Mayasseh,0,0,0,0,0,0,0,0,0,0
western_beqaa_district,Maydoun,0,0,0,0,0,0,0,0,0,0
nabatieh_governorate,Mayfadoun,1,0,0,0,0,1,0,0,0,0
byblos_district,Mayfouq,0,0,0,0,0,0,0,0,0,0
keserwan_district,Mayrouba,10,0,0,0,0,1,0,1,0,1
akkar_governorate,Mazareaa Jabal Akroum,2,1,0,0,0,1,0,10,0,1
bsharri_district,Mazraat Assaf,0,0,0,0,0,0,0,0,0,0
akkar_governorate,Mazraat Balda,0,1,0,0,0,0,0,6,0,1
bsharri_district,Mazraat Bani Saab,1,1,0,0,0,1,1,0,0,0
akkar_governorate,Mazraat Bani Sakher,0,0,3,0,0,0,0,0,1,0
akkar_governorate,Mazraat Beit Ghattas,2,0,0,0,0,1,0,0,0,0
mount_lebanon_governorate,Mazraat Ech-Chouf,0,0,0,0,0,0,1,0,0,0
matn_district,Mazraat El-Hdaira,4,0,3,0,0,1,0,0,1,0
south_governorate,Mazraat El-Mathane,0,0,0,0,0,0,0,0,0,0
mount_lebanon_governorate,Mazraat Es-Dahr,2,0,0,0,0,1,1,1,0,1
zgharta_district,Mazraat Et-Teffah,0,1,1,0,0,0,0,1,1,1
tyre_district,Mazraat Ez-Zalloutiyeh,0,0,0,0,0,0,0,4,0,1
zgharta_district,Mazraat Harkish,0,0,0,0,0,0,0,0,0,0
zgharta_district,Mazraat Hokka,1,0,0,0,0,1,0,1,0,1
tyre_district,Mazraat Mechref,0,0,0,0,0,0,0,0,0,0
zgharta_district,Mazraat Nahr Zgharta,0,0,1,0,0,0,0,1,1,1
baalbek_hermel_governorate,Mazraat Swaidan,0,0,0,0,0,0,0,0,0,0
matn_district,Mazraat Yachouaa,0,0,0,1,1,0,0,1,0,1
baalbek_hermel_governorate,Mazraat beit Mchaik,0,0,0,0,0,0,0,0,0,0
byblos_district,Mchaneh,0,0,0,0,0,0,0,0,0,0
aley_district,Mcherfeh,0,0,0,0,0,0,0,0,0,0
matn_district,Mchikha,0,0,0,0,0,0,0,0,0,0
beqaa_governorate,Mdoukha,0,0,0,0,0,0,0,0,0,0
mount_lebanon_governorate,Mechref,0,0,0,0,0,0,1,0,0,0
batroun_district,Mehmarch,0,0,0,0,0,0,0,0,0,0
hasbaya_district,Meimes,0,0,0,0,0,0,0,0,0,0
marjeyoun_district,Meiss Ej-Jabal,8,0,0,0,0,1,0,0,0,0
aley_district,Mejdlaiya,0,1,0,0,0,0,0,0,0,0
zgharta_district,Mejdlaiya Zgharta,0,0,0,0,0,0,1,10,0,1
akkar_governorate,Menneaa,0,0,0,0,0,0,0,0,0,0
hasbaya_district,Meri,10,0,0,1,1,1,0,2,0,1
miniyehâdanniyeh_district,Merkebta,2,0,0,0,0,1,0,6,0,1
tyre_district,Merouahine,0,0,0,0,0,0,0,0,0,0
sidon_district,Merouaniyeh,3,0,0,1,1,1,0,6,0,1
north_governorate,Metrit,0,1,0,0,0,0,0,0,0,0
mount_lebanon_governorate,Mghairiyeh Ech-Chouf,1,1,0,0,0,1,0,3,0,1
byblos_district,Mghayreh Jbeil,0,0,0,0,0,0,0,0,0,0
marjeyoun_district,Mhaibib,0,0,0,0,0,0,0,0,0,0
beqaa_governorate,Mhaiydseh Rachaya,0,1,0,0,0,0,0,2,0,1
akkar_governorate,Mhammaret,3,1,0,0,0,1,0,0,0,0
south_governorate,Mharbiyeh,1,0,0,0,0,1,0,0,0,0
byblos_district,Michmich Jbeil,1,1,0,0,0,1,1,8,0,1
south_governorate,Midane Jezzine,0,0,0,0,0,0,0,0,0,0
"tripoli_district,_lebanon",Mina ,50,1,3,1,1,1,1,100,1,1
miniyehâdanniyeh_district,Minie,20,1,0,1,1,1,1,20,0,1
akkar_governorate,Minyara,5,1,1,0,0,1,1,5,1,1
zgharta_district,Miriata,0,0,0,0,0,1,0,7,0,1
sidon_district,Miyeh ou Miyeh,0,0,0,0,0,0,0,2,0,1
zgharta_district,Miziara,4,0,0,1,1,1,0,4,0,1
south_governorate,Mjaydel Jezzine,1,1,1,0,0,1,0,2,1,1
south_governorate,Mlikh,0,0,0,0,0,0,0,0,0,0
mount_lebanon_governorate,Mohtaqra,0,0,0,0,0,0,0,0,0,0
akkar_governorate,Moqaylbeh,0,0,0,0,0,0,0,4,0,1
baalbek_hermel_governorate,Moqraq,3,0,0,0,0,1,0,0,0,0
matn_district,Moshrea,0,0,0,0,0,0,0,0,0,0
miniyehâdanniyeh_district,Motel,0,0,0,0,0,0,0,3,0,1
akkar_governorate,Mouanse,0,0,0,0,0,0,0,3,0,1
mount_lebanon_governorate,Moukhtara,2,1,0,0,0,1,0,1,0,1
akkar_governorate,Mounjez,0,1,5,0,0,0,1,3,1,1
byblos_district,Mounsef,0,0,0,0,0,0,0,0,0,0
akkar_governorate,Mqaiteaa,2,0,1,0,0,1,0,0,1,0
south_governorate,Mrah El-Hbasse,1,0,0,0,0,1,0,0,0,0
miniyehâdanniyeh_district,Mrah Es-Sfire,0,0,0,0,0,0,0,0,0,0
miniyehâdanniyeh_district,Mrah Es-Srayj,2,0,0,0,0,1,1,4,0,1
batroun_district,Mrah Ez Ziyat,1,0,6,0,0,1,0,0,1,0
akkar_governorate,Mrah Kwakh,0,0,0,0,0,0,0,0,0,0
aley_district,Mraijat,0,0,0,0,0,0,0,0,0,0
zahlã©_district,Mrayjat Zahleh,2,0,0,0,0,1,0,0,0,0
mount_lebanon_governorate,Mristi,0,1,0,0,0,0,1,0,1,0
matn_district,Mrouj,8,0,2,1,1,1,0,2,1,1
matn_district,Mtayleb,10,0,0,0,0,1,0,0,0,0
mount_lebanon_governorate,Mtolleh,0,0,0,0,0,0,0,0,0,0
zgharta_district,Mzraat Kefraya,0,0,0,0,0,0,0,0,0,0
nabatieh_governorate,Nabatiyeh,50,1,0,0,0,1,0,50,0,1
nabatieh_governorate,Nabatiyeh El-Faouka,10,1,0,0,0,1,0,8,0,1
matn_district,Nabay,0,0,0,0,0,0,0,0,0,0
baalbek_hermel_governorate,Nabha Ed-Damdoum,1,1,0,0,0,1,0,0,0,0
baalbek_hermel_governorate,Nabha Mehfara,15,1,20,4,1,1,0,15,1,1
baalbek_hermel_governorate,Nabha Qoudam,0,0,0,0,0,0,0,0,0,0
zahlã©_district,Nabi Ayla,0,0,0,0,0,0,0,0,0,0
baalbek_hermel_governorate,Nabi Chit,11,0,0,0,0,1,0,8,0,1
baalbek_hermel_governorate,Nabi Osmane,2,0,0,1,1,1,0,3,0,1
baalbek_hermel_governorate,Nahleh Baalbek,0,0,0,0,0,0,0,2,0,1
mount_lebanon_governorate,Nahmeh,0,0,0,0,0,0,0,0,0,0
byblos_district,Nahr Ibrahim,0,0,0,0,0,0,0,3,0,1
sidon_district,Najjariyeh,0,0,0,0,0,0,0,3,0,1
north_governorate,Nakhleh,1,0,0,0,0,1,0,0,0,0
akkar_governorate,Naoura El-Faouqa,0,0,0,0,0,0,0,0,0,0
zahlã©_district,Nasriyet Zahleh,0,0,5,0,0,0,0,0,1,0
akkar_governorate,Nfisseh,0,0,0,0,0,0,0,0,0,0
mount_lebanon_governorate,Niha El-Chouf,0,0,2,0,0,0,0,4,1,1
zahlã©_district,Niha Zahleh,0,1,0,0,0,0,0,0,0,0
miniyehâdanniyeh_district,Nimrine,3,0,0,0,0,1,0,1,0,1
nabatieh_governorate,Nmairiyeh,2,0,0,0,0,1,1,0,0,0
akkar_governorate,Ouada,0,1,0,0,0,0,0,0,0,0
south_governorate,Ouadi Baanqoudaine,0,0,0,0,0,0,0,0,0,0
mount_lebanon_governorate,Ouadi Banhlay,1,1,0,0,0,1,0,0,0,0
matn_district,Ouadi Chahine,0,0,0,0,0,0,0,0,0,0
baabda_district,Ouadi Chahrour El Aaoulia,0,1,0,0,0,0,0,0,0,0
baabda_district,Ouadi Chahrour Es-Soufla,0,0,0,0,0,0,0,2,0,1
mount_lebanon_governorate,Ouadi Ed-Deir,1,0,0,0,0,1,0,1,0,1
akkar_governorate,Ouadi El-Haour,0,0,0,0,0,0,0,0,0,0
matn_district,Ouadi El-Karm El-Matn,0,0,0,0,0,0,0,0,0,0
south_governorate,Ouadi El-Laymoun,0,0,0,0,0,0,0,2,0,1
mount_lebanon_governorate,Ouadi Es-Sitt,0,0,0,0,0,0,0,0,0,0
hermel_district,Ouadi Faara,0,0,0,0,0,0,0,0,0,0
akkar_governorate,Ouadi Khaled,7,0,4,0,0,1,0,5,1,1
"tripoli_district,_lebanon",Ouadi Nakhleh,0,0,2,0,0,0,0,5,1,1
bsharri_district,Ouadi Qannoubine,1,0,10,0,0,1,0,0,1,0
mount_lebanon_governorate,Ouardaniyeh,2,0,1,0,0,1,1,2,1,1
mount_lebanon_governorate,Ouarhaniyeh,0,0,0,0,0,0,0,0,0,0
keserwan_district,Ouata El-Jaouz,0,0,0,0,0,0,0,0,0,0
baalbek_hermel_governorate,Qaa Baalbek,6,1,7,0,0,1,1,4,1,1
zahlã©_district,Qaa Er-Rim,5,0,0,1,1,1,0,0,0,0
nabatieh_governorate,Qaaqaaiyet Ej-Jisr,4,0,0,0,0,1,0,10,0,1
sidon_district,Qaaqaiyet Es-Snaoubar,0,0,0,0,0,0,0,0,0,0
matn_district,Qaaqour,0,0,0,0,0,0,0,0,0,0
akkar_governorate,Qabaait,5,0,0,0,0,1,0,3,0,1
zahlã©_district,Qabb Elias,12,1,7,1,1,1,1,6,1,1
marjeyoun_district,Qabrikha,0,0,0,0,0,0,0,0,0,0
akkar_governorate,Qachlaq,0,0,0,0,0,0,0,2,0,1
byblos_district,Qahmez,5,1,0,0,0,1,0,2,0,1
baabda_district,Qalaa,0,0,0,0,0,0,0,0,0,0
"tripoli_district,_lebanon",Qalamoun,5,0,0,1,1,1,1,8,0,1
bint_jbeil_district,Qalaouiyeh,0,0,0,0,0,0,0,0,0,0
north_governorate,Qalhat,1,0,0,0,0,1,0,0,0,0
matn_district,Qannebet Salima,0,1,0,0,0,0,0,0,0,0
marjeyoun_district,Qantara,0,0,0,0,0,0,1,0,0,0
akkar_governorate,Qantarat Aakkar,0,0,0,0,0,0,0,0,0,0
akkar_governorate,Qanya,1,0,0,0,0,1,0,6,0,1
bint_jbeil_district,Qaouzah,0,0,3,0,0,0,0,0,1,0
western_beqaa_district,Qaraaoun,3,1,0,0,1,1,1,2,0,1
zgharta_district,Qarah Bach,0,0,0,0,0,0,0,0,0,0
akkar_governorate,Qardaf,0,0,0,0,0,0,0,0,0,0
akkar_governorate,Qarha,0,0,0,0,0,0,0,0,0,0
baalbek_hermel_governorate,Qarha Baalbek,0,0,0,0,0,0,0,0,0,0
miniyehâdanniyeh_district,Qarhaiya,1,1,0,0,0,1,0,0,0,0
miniyehâdanniyeh_district,Qarsaita,0,0,0,0,0,0,0,1,0,1
byblos_district,Qartaba,2,0,0,2,1,1,1,2,0,1
hermel_district,Qaser,3,0,0,0,0,1,0,3,0,1
south_governorate,Qatrani,0,0,0,0,0,0,0,2,0,1
miniyehâdanniyeh_district,Qattineh-Miniyeh,1,0,0,0,0,1,0,0,0,0
bsharri_district,Qaynour,0,1,0,0,0,0,0,0,0,0
south_governorate,Qaytouleh,0,0,0,0,0,0,1,0,0,0
akkar_governorate,Qbaiyat Aakkar,3,1,60,0,0,1,0,15,1,1
western_beqaa_district,Qelaya,4,0,0,0,0,1,0,2,0,1
matn_district,Qennabet Broummana,0,0,0,0,0,0,0,0,0,0
sidon_district,Qennarit,2,0,0,0,0,1,0,2,0,1
baalbek_hermel_governorate,Qild Es Sabea,0,1,0,0,0,0,0,0,0,0
marjeyoun_district,Qlaiaa,5,1,0,0,0,1,0,0,0,0
baalbek_hermel_governorate,Qlaileh Harfoush,0,0,0,0,0,0,0,0,0,0
tyre_district,Qlaileh Sour,10,1,1,1,1,1,0,10,1,1
akkar_governorate,Qleiaat Aakkar,0,0,0,0,0,0,0,0,0,0
keserwan_district,Qleiaat Kesrouane,14,0,0,0,0,1,0,3,0,1
akkar_governorate,Qloud El-Baqieh,0,0,0,0,0,0,0,0,0,0
aley_district,Qmatiyeh,1,0,0,0,0,1,0,1,0,1
bsharri_district,Qnat,0,0,1,0,0,0,0,0,1,0
baabda_district,Qobbayaa,2,0,0,0,0,1,1,0,0,0
baabda_district,Qornayel,1,1,0,0,0,1,1,3,0,1
akkar_governorate,Qornet Aakkar,0,0,0,0,0,0,0,6,0,1
matn_district,Qornet El-Hamra,0,0,0,0,0,0,0,0,0,0
baabda_district,Qortada,0,0,0,0,0,0,0,2,0,1
akkar_governorate,Qoubber Chamra,0,0,0,0,0,0,0,0,0,0
sidon_district,Qounaitra,0,0,0,0,0,0,0,0,0,0
zahlã©_district,Qoussaya,1,0,0,0,0,1,0,0,0,0
miniyehâdanniyeh_district,Qraine,0,1,0,0,0,0,0,0,0,0
akkar_governorate,Qraiyat,0,0,0,0,0,0,0,0,0,0
baabda_district,Qraiyeh,1,0,0,1,1,1,0,1,0,1
byblos_district,Qraiyet Jlayse,2,0,0,1,1,1,0,1,0,1
sidon_district,Qraiyet Saida,0,1,0,0,0,1,1,0,1,1
nabatieh_governorate,Qsaibet En-Nabatiyeh,0,1,0,0,0,0,0,0,0,0
baalbek_hermel_governorate,Qsarnaba,1,0,0,0,0,1,0,1,0,1
keserwan_district,Raachine,1,0,0,0,0,1,0,0,0,0
zahlã©_district,Raait,0,0,0,0,0,0,0,0,0,0
marjeyoun_district,Rabb Et-Tlatine,0,0,0,0,0,0,0,0,0,0
matn_district,Rabieh,1,0,0,1,1,1,0,0,0,0
zgharta_district,Rachaaine,6,1,2,0,0,1,1,3,1,1
bint_jbeil_district,Rachaf,0,0,0,0,0,0,0,0,0,0
hasbaya_district,Rachaiya El-Foukhar,0,1,1,0,0,0,0,1,1,1
beqaa_governorate,Rachaya El Wadi,15,1,1,1,1,1,1,7,1,1
beqaa_governorate,Rafid Rachaya,0,0,0,0,0,0,0,0,0,1
akkar_governorate,Rahbeh,2,0,0,0,0,1,0,10,0,1
baalbek_hermel_governorate,Ram,0,0,0,0,0,0,0,0,0,0
aley_district,Ramlieh,0,0,0,0,0,0,0,0,0,0
bint_jbeil_district,Ramyet Bent Jbeil,0,0,2,0,0,0,0,0,1,0
baalbek_hermel_governorate,Ras Baalbek Ech-Charqi,2,1,0,3,1,1,0,1,0,1
baabda_district,Ras El Matn,0,0,0,0,0,0,0,0,0,0
baabda_district,Ras El-Href,0,0,0,0,0,0,0,2,0,1
zgharta_district,Ras Kifa,0,0,0,0,0,0,0,0,0,0
north_governorate,Ras Masqa,30,1,0,5,1,1,0,10,0,1
batroun_district,Rasha,0,0,0,0,0,0,0,0,0,0
batroun_district,Rashana,1,1,3,0,0,1,0,0,1,0
western_beqaa_district,Rawda Bekaa,0,0,0,0,0,0,0,0,0,0
miniyehâdanniyeh_district,Rawda Village,0,0,4,0,0,0,0,0,1,0
keserwan_district,Rayfoun,20,1,0,3,1,1,0,20,0,1
north_governorate,Rechdibbine,1,0,0,0,0,1,0,0,0,0
aley_district,Richmaiya,7,0,0,0,0,1,0,0,0,0
south_governorate,Rihan Jezzine,5,1,2,2,1,1,0,3,1,1
byblos_district,Rihana,0,0,0,1,1,0,0,0,0,0
akkar_governorate,Rihaniyet Aakkar,1,0,0,0,0,1,0,0,0,0
miniyehâdanniyeh_district,Rihaniyet Minie,7,1,0,0,0,1,0,3,0,1
aley_district,Rijmeh,0,0,0,0,0,0,0,0,0,0
south_governorate,Rimat,2,0,5,0,0,1,0,0,1,0
aley_district,Rimhala,0,1,0,0,0,0,1,0,1,0
tyre_district,Rmadiyeh,0,0,0,0,0,0,0,4,0,1
bint_jbeil_district,Rmaich,0,0,0,0,0,0,0,0,0,0
mount_lebanon_governorate,Rmeilet Ech-Chouf,5,1,0,2,1,1,0,0,0,0
baabda_district,Rouayssrt El-Ballout,0,1,1,0,0,0,1,0,1,0
south_governorate,Roum,2,1,0,0,0,1,0,4,0,1
matn_district,Roumieh,2,0,0,0,0,1,0,0,0,0
nabatieh_governorate,Roumine,3,1,0,0,0,1,1,3,0,1
akkar_governorate,Saadine,0,0,0,0,0,0,0,0,0,0
zahlã©_district,Saadnayel,0,0,0,0,0,0,0,6,0,1
baalbek_hermel_governorate,Saaideh,0,0,0,0,0,0,0,0,0,0
south_governorate,Sabbah,0,0,0,0,0,0,0,0,0,0
tyre_district,Sadiqine,4,1,0,0,0,1,0,10,0,1
bint_jbeil_district,Safad Al-Battikh,0,0,0,0,0,0,0,0,0,0
keserwan_district,Safra Kesrouane,4,0,0,4,1,1,0,0,0,0
western_beqaa_district,Saghbine,4,1,0,2,1,1,0,2,0,1
akkar_governorate,Sahle,0,0,0,0,0,0,0,0,0,0
sidon_district,Saida,30,1,0,2,1,1,1,15,0,1
sidon_district,Saksakiyeh,3,0,0,0,0,1,0,5,0,1
sidon_district,Salhiyet Saida,10,0,1,0,0,1,0,4,1,1
baabda_district,Salima Baabda,2,1,0,0,0,1,0,2,0,1
akkar_governorate,Sammaqiyeh,0,0,0,0,0,0,0,0,0,0
south_governorate,Sanaya,0,0,0,0,0,0,0,0,0,0
marjeyoun_district,Saouanet Marjayoun,0,0,0,0,0,0,0,2,0,1
aley_district,Saoufar,0,0,0,0,0,0,0,0,0,0
sidon_district,Sarafand,0,0,0,0,0,0,0,0,0,0
nabatieh_governorate,Sarba En-Nabatieh,1,0,0,0,0,1,0,1,0,1
byblos_district,Sariita,0,0,0,0,0,0,0,0,0,0
baalbek_hermel_governorate,Sarin Fawqa,5,1,0,0,0,1,0,10,0,1
akkar_governorate,Sayssouq,0,0,0,0,0,0,0,0,0,0
zgharta_district,Sebaal Zgharta,0,1,4,0,0,0,0,0,1,0
hermel_district,Sehjoud,0,1,0,0,0,0,0,0,0,0
tyre_district,Selaa,0,0,0,0,0,0,0,0,0,0
batroun_district,Selaata,0,1,0,0,0,0,0,0,0,0
aley_district,Selfaya,1,0,0,0,0,1,0,1,0,1
mount_lebanon_governorate,Semqaniyeh,0,0,0,0,0,0,0,0,0,0
zgharta_district,Seraal,0,1,2,1,1,0,0,0,1,0
baalbek_hermel_governorate,Serraaine Et-Tahta,0,0,0,0,0,0,0,0,0,0
south_governorate,Sfaray,1,0,0,1,1,1,0,1,0,1
akkar_governorate,Sfaynet El-Qaitaa,0,1,0,0,0,0,0,0,0,0
akkar_governorate,Sfinet Ed-Draib,1,0,0,0,0,1,0,0,0,0
miniyehâdanniyeh_district,Sfireh,0,0,0,0,0,0,0,7,0,1
hermel_district,Shawagheer El-Faouqa,34,1,0,5,1,1,0,15,0,1
keserwan_district,Shayleh Kesrouane,0,0,0,0,0,0,0,0,0,0
mount_lebanon_governorate,Sibline,3,0,0,0,0,1,0,3,0,1
akkar_governorate,Sindianet Zeidane,8,1,0,0,0,1,0,16,0,1
nabatieh_governorate,Sini,0,0,0,0,0,0,0,0,0,0
matn_district,Sinn El-Fil,25,0,0,3,1,1,0,25,0,1
miniyehâdanniyeh_district,Sir Ed-Danniyeh,0,0,0,0,0,0,0,0,0,0
nabatieh_governorate,Sir El-Gharbiyeh,2,0,0,0,0,1,0,3,0,1
aley_district,Sirhmoul,0,1,2,0,0,0,0,0,1,0
mount_lebanon_governorate,Sirjbal,0,0,0,0,0,0,0,0,0,0
western_beqaa_district,Sohmor,7,0,10,1,1,1,1,3,1,1
western_beqaa_district,Soltan Yacoub el Aradi,1,0,0,0,0,1,0,0,0,0
western_beqaa_district,Souairi,0,0,0,0,0,0,0,0,0,0
akkar_governorate,Souaisset Aakkar,1,1,0,0,0,1,0,2,0,1
matn_district,Soufaileh,0,0,0,0,0,0,0,0,0,0
bint_jbeil_district,Soultaniyet Bent Jbeil,2,0,0,0,0,1,0,1,0,1
aley_district,Souq El-Gharb,0,0,0,0,0,0,0,0,0,0
tyre_district,Sour,0,0,0,0,1,1,1,0,1,1
akkar_governorate,Srar,0,0,0,0,0,0,0,0,0,0
south_governorate,Srayri,0,0,0,0,0,0,0,0,0,0
tyre_district,Srifa,4,0,0,0,0,1,0,0,0,0
bint_jbeil_district,Srobbine,0,0,0,0,0,0,0,0,0,0
south_governorate,Taaid,0,1,0,0,0,0,0,0,0,0
zahlã©_district,Taalbaya,4,0,0,0,0,1,0,0,0,0
aley_district,Taazaniyeh,0,0,0,0,0,0,0,0,0,0
keserwan_district,Tabarja,0,0,0,0,0,0,0,0,0,0
baabda_district,Tahouitat El Ghadir,0,0,0,0,0,0,0,0,0,0
baalbek_hermel_governorate,Taibet Baalbek,0,1,0,0,0,0,0,2,0,1
akkar_governorate,Tal Aabbas,0,0,0,0,0,0,0,0,0,0
baalbek_hermel_governorate,Talia,0,0,0,0,0,0,0,0,0,0
akkar_governorate,Tall Aabbas Ech-Charqi,3,0,0,0,0,1,0,2,0,1
akkar_governorate,Tall Bireh,0,0,0,0,0,0,0,0,0,0
akkar_governorate,Tall Hmayra,0,0,0,0,0,0,0,0,0,0
akkar_governorate,Tall Meaayan Tall Kiri,0,0,6,0,0,0,0,4,1,1
western_beqaa_district,Tall Znoub,0,0,0,0,0,0,0,0,0,0
akkar_governorate,Tallet Chattaha,0,0,0,0,0,0,0,0,0,0
marjeyoun_district,Talloussa,0,0,0,0,0,0,0,0,0,0
sidon_district,Tanbourit,3,1,0,1,1,1,0,0,0,0
beqaa_governorate,Tannoura,3,0,0,0,0,1,0,0,0,0
batroun_district,Tannourine El-Faouqa,30,1,5,2,1,1,1,0,1,0
baalbek_hermel_governorate,Taraiya,0,0,0,0,0,0,0,2,0,1
baabda_district,Tarchich,2,1,1,0,0,1,0,2,1,1
byblos_district,Tartij,1,1,0,0,0,1,1,1,0,1
baalbek_hermel_governorate,Tawfiqiya,2,0,0,0,0,1,0,0,0,0
marjeyoun_district,Taybet Matjaayoun,0,0,0,0,0,0,0,0,0,0
tyre_district,Tayr Debbeh,1,1,30,0,0,1,1,20,1,1
tyre_district,Tayr Falsay,0,0,0,0,0,0,0,3,0,1
tyre_district,Tayr Harfa,0,0,0,0,0,0,0,0,0,0
sidon_district,Teffahta,1,0,0,0,0,1,0,4,0,1
baalbek_hermel_governorate,Temnine El-Faouqa,3,0,0,0,0,1,0,0,0,0
baalbek_hermel_governorate,Temnine Et-Tahta,3,1,0,1,1,1,1,0,0,0
zahlã©_district,Terbol Zahleh,2,0,0,0,0,1,0,1,0,1
batroun_district,Thoum,5,0,2,1,1,1,1,0,1,0
bint_jbeil_district,Tibnine,3,0,0,0,0,1,0,0,0,0
akkar_governorate,Tikrit,4,0,0,0,0,1,0,12,0,1
bint_jbeil_district,Tiri,0,0,0,0,0,0,0,0,0,0
akkar_governorate,Tleil,2,0,0,0,0,1,0,2,0,1
miniyehâdanniyeh_district,Torbol Menie,5,0,0,0,0,1,1,1,0,1
zgharta_district,Toula,0,0,1,0,0,0,0,2,1,1
batroun_district,Toula El-Batroun,0,0,0,0,0,0,0,0,0,0
marjeyoun_district,Touline,1,0,0,1,1,1,0,1,0,1
tyre_district,Toura,0,0,0,0,0,0,0,5,0,1
"tripoli_district,_lebanon",Trablous ,0,0,0,0,0,1,0,0,0,1
akkar_governorate,Tshea,0,1,0,0,0,0,0,0,0,0
byblos_district,Vidar,2,1,1,1,1,1,0,3,1,1
south_governorate,Wadi Jezzine,0,0,0,0,0,0,0,0,0,0
baalbek_hermel_governorate,Yammouneh,10,0,5,1,1,1,0,5,1,1
tyre_district,Yanouh Sour,0,0,0,0,0,0,0,1,0,1
beqaa_governorate,Yanta,1,0,0,0,0,1,1,2,0,1
bint_jbeil_district,Yaroun,0,1,0,0,0,0,0,1,0,1
bint_jbeil_district,Yater,2,0,0,0,0,1,0,3,0,1
nabatieh_governorate,Yohmor En-Nabatiyeh,1,1,0,0,0,1,0,4,0,1
western_beqaa_district,Yohmor West Bekaa,5,1,0,0,0,1,0,3,0,1
baalbek_hermel_governorate,Younine,0,0,0,0,0,0,0,0,0,0
keserwan_district,Zaaitreh,0,0,0,0,0,0,0,0,0,0
mount_lebanon_governorate,Zaarouriyeh,0,0,0,0,0,0,0,0,0,0
baalbek_hermel_governorate,Zabboud,0,0,0,0,0,0,0,0,0,0
matn_district,Zabbougha,0,0,0,0,0,0,0,0,0,0
miniyehâdanniyeh_district,Zaghartaghrine,0,0,0,0,0,0,0,0,0,0
zahlã©_district,Zahleh El-Maallaqa,80,0,3,5,1,1,1,20,1,1
baalbek_hermel_governorate,Zahra,0,0,0,0,0,0,0,0,0,0
keserwan_district,Zaitoun,0,1,0,0,0,0,0,1,0,1
matn_district,Zakrit,1,0,0,0,0,1,0,0,0,0
north_governorate,Zakroun,0,0,0,0,0,0,0,0,0,0
matn_district,Zalqa,5,0,0,2,1,1,0,5,0,1
baabda_district,Zandouqa,1,1,0,0,0,1,0,0,0,0
batroun_district,Zaneh,0,0,0,0,0,0,0,0,0,0
nabatieh_governorate,Zaoutar Ech-Charqiyeh,0,0,0,0,0,0,0,1,0,1
nabatieh_governorate,Zaoutar El-Gharbiyeh,0,0,0,0,0,0,1,0,0,0
matn_district,Zaraaoun,0,0,0,0,0,0,0,0,0,0
byblos_district,Zebdine,0,1,0,0,0,0,0,1,0,1
tyre_district,Zebqine,0,0,0,0,0,0,0,0,0,0
nabatieh_governorate,Zefta,10,0,1,1,1,1,0,0,1,0
sidon_district,Zeita,0,0,0,0,0,0,0,0,0,0
zgharta_district,Zgharta-Ehden,71,1,1,17,1,1,1,16,1,1
south_governorate,Zhilta,0,0,0,0,0,0,0,0,0,0
nabatieh_governorate,Zibdine En-Nabatiyeh,2,0,0,0,0,1,0,0,0,0
matn_district,Zighrine,0,0,0,0,0,0,0,0,0,0
western_beqaa_district,Zilaya,0,1,0,0,0,0,0,0,0,0
akkar_governorate,Zouarib,0,0,0,0,0,0,0,2,0,1
matn_district,Zouk El-Kharab,100,1,0,5,1,1,0,20,0,1
keserwan_district,Zouk Mkayel,5,1,0,2,1,1,0,0,0,0
keserwan_district,Zouk Mousbeh,10,0,0,3,1,1,0,0,0,0
akkar_governorate,Zouq El Hosniyeh,0,0,0,0,0,0,0,3,0,1
akkar_governorate,Zouq El-Hadara,0,0,0,0,0,0,0,0,0,0
akkar_governorate,Zouq El-Hbalsa,0,0,0,0,0,0,0,0,0,0
sidon_district,Zrariyeh,5,1,0,0,0,1,0,10,0,1
baalbek_hermel_governorate,Zrazeer,0,0,0,0,0,0,1,0,0,0
matn_district,aain Aalaq,1,0,0,0,0,1,0,0,0,0
akkar_governorate,berqayel,4,1,0,0,0,1,0,10,0,1
keserwan_district,ebra wChouane,0,0,2,0,0,0,0,2,1,1
batroun_district,hadtoun,2,0,0,0,0,1,0,0,0,0
hermel_district,jouar Hasheesh,0,1,0,0,0,0,0,0,0,0
mount_lebanon_governorate,mazboud,3,0,2,0,0,1,0,1,1,1
baabda_district,shebaneye,2,1,0,1,1,1,0,3,0,1
miniyehâdanniyeh_district,tarane,4,1,0,0,0,1,0,8,0,1
keserwan_district,yahchouch,0,0,0,0,0,0,0,0,0,0
